{
    "teams": {
        "Arsenal": {
            "alpha": 1.3539879183376409,
            "beta": 0.7687106458063968,
            "avg_ppda": 12.557476635514018
        },
        "Aston Villa": {
            "alpha": 1.069292068963579,
            "beta": 1.3011730268189239,
            "avg_ppda": 11.410093457943924
        },
        "Bournemouth": {
            "alpha": 1.1582848702473871,
            "beta": 1.21970271686491,
            "avg_ppda": 9.74271028037383
        },
        "Brentford": {
            "alpha": 1.179202100110571,
            "beta": 1.2502348154811411,
            "avg_ppda": 11.576448598130842
        },
        "Brighton": {
            "alpha": 1.0367020465561707,
            "beta": 1.1636723644411984,
            "avg_ppda": 14.533457943925232
        },
        "Burnley": {
            "alpha": 0.7509734245838744,
            "beta": 1.6891802006754888,
            "avg_ppda": 12.137101449275363
        },
        "Chelsea": {
            "alpha": 1.34592225015305,
            "beta": 1.2343860641797249,
            "avg_ppda": 13.503831775700935
        },
        "Crystal Palace": {
            "alpha": 1.0847200606430238,
            "beta": 1.2551114099648901,
            "avg_ppda": 11.812547169811321
        },
        "Everton": {
            "alpha": 0.913792311736326,
            "beta": 1.2021528084880069,
            "avg_ppda": 11.603177570093457
        },
        "Fulham": {
            "alpha": 0.9362644360793719,
            "beta": 1.2391379649704193,
            "avg_ppda": 14.395607476635513
        },
        "Ipswich": {
            "alpha": 0.7216427369237547,
            "beta": 1.7573783643570198,
            "avg_ppda": 12.447105263157894
        },
        "Leeds": {
            "alpha": 1.0190019816927902,
            "beta": 1.1566639575794881,
            "avg_ppda": 11.570322580645161
        },
        "Leicester": {
            "alpha": 0.6668649581690446,
            "beta": 1.8441451299663187,
            "avg_ppda": 11.422368421052633
        },
        "Liverpool": {
            "alpha": 1.437372526959468,
            "beta": 1.0721969278488233,
            "avg_ppda": 12.546355140186915
        },
        "Luton": {
            "alpha": 0.8604958603743426,
            "beta": 1.984739663950897,
            "avg_ppda": 10.051578947368421
        },
        "Manchester City": {
            "alpha": 1.3562156458277221,
            "beta": 1.0173105563234424,
            "avg_ppda": 15.246698113207549
        },
        "Manchester United": {
            "alpha": 1.1304218409163596,
            "beta": 1.2095856019562905,
            "avg_ppda": 12.064485981308412
        },
        "Newcastle United": {
            "alpha": 1.2025929302685534,
            "beta": 1.2049615063197736,
            "avg_ppda": 10.92682242990654
        },
        "Nottingham Forest": {
            "alpha": 0.9214279135239233,
            "beta": 1.3049993395140678,
            "avg_ppda": 13.221588785046727
        },
        "Sheffield United": {
            "alpha": 0.7613815802632913,
            "beta": 1.73319632962092,
            "avg_ppda": 17.963421052631578
        },
        "Southampton": {
            "alpha": 0.684855432930018,
            "beta": 2.0338102169875083,
            "avg_ppda": 13.64394736842105
        },
        "Sunderland": {
            "alpha": 0.7159966505902531,
            "beta": 1.2699306156884729,
            "avg_ppda": 12.51
        },
        "Tottenham": {
            "alpha": 1.0372559715170644,
            "beta": 1.375292765012436,
            "avg_ppda": 10.27719626168224
        },
        "West Ham": {
            "alpha": 0.8948798896802954,
            "beta": 1.486072552581898,
            "avg_ppda": 12.529065420560746
        },
        "Wolverhampton Wanderers": {
            "alpha": 0.7604526259813963,
            "beta": 1.375362337468594,
            "avg_ppda": 11.995140186915886
        }
    },
    "global": {
        "gamma": 1.1842273381721895,
        "rho": -0.026453015392753194
    }
}